epoch,lr,train_loss,train_cls,train_reg,train_mean_dist,val_mean_dist,val_median_dist,val_success_1A,val_success_2A,val_success_5A
1,0.0004969325153374233,7.283501,6.521942,0.380779,1.3463,1.2138,1.1037,0.4214,0.8868,1.0
2,0.000994478527607362,5.771883,5.242075,0.264904,1.0669,0.9791,0.6864,0.6352,0.8994,1.0
3,0.0009999976249711314,5.094598,4.641153,0.226722,0.9932,0.9623,0.7233,0.6415,0.8931,1.0
4,0.000999990356511947,4.856482,4.392227,0.232127,1.0013,0.8893,0.75,0.6792,0.9245,1.0
5,0.0009999782662413882,4.752147,4.349665,0.201241,0.9339,0.9677,0.725,0.6352,0.9057,1.0
6,0.0009999612823561007,4.655762,4.269629,0.193067,0.9275,0.8702,0.6804,0.6855,0.9308,1.0
7,0.000999939519140057,4.661705,4.285783,0.187961,0.9097,0.8953,0.657,0.6792,0.9308,1.0
8,0.0009999127424536636,4.721372,4.341252,0.19006,0.9119,0.9899,0.6234,0.6352,0.8365,1.0
9,0.0009998810726307194,4.600697,4.255571,0.172563,0.8641,0.8013,0.564,0.7107,0.9245,1.0
10,0.0009998447988021498,4.523362,4.182187,0.170587,0.8497,0.8411,0.6227,0.7296,0.9119,1.0
11,0.0009998034882167108,4.481297,4.156191,0.162553,0.8257,0.8357,0.6039,0.7107,0.9245,1.0
12,0.0009997571893501068,4.432745,4.107103,0.162821,0.818,0.8148,0.5771,0.7044,0.9371,1.0
13,0.0009997058664197177,4.371429,4.05185,0.15979,0.8188,0.7961,0.559,0.7484,0.9182,1.0
14,0.0009996496281942386,4.435262,4.100512,0.167375,0.8389,0.8506,0.6358,0.7233,0.9308,1.0
15,0.0009995890234075421,4.502005,4.172434,0.164786,0.8224,0.8171,0.5747,0.7107,0.9308,1.0
16,0.0009995230829935693,4.40688,4.056275,0.175303,0.8717,0.8199,0.6328,0.7107,0.956,1.0
17,0.0009994527832794858,4.384168,4.043017,0.170576,0.8356,0.7885,0.5531,0.7107,0.9308,1.0
18,0.0009993771733765588,4.437973,4.107205,0.165384,0.8182,0.8357,0.5851,0.7044,0.9245,1.0
19,0.0009992968803581158,4.45744,4.128015,0.164712,0.8211,0.7913,0.5668,0.6792,0.9245,1.0
20,0.0009992111822418044,4.422946,4.104476,0.159235,0.8017,0.7682,0.5222,0.7358,0.9434,1.0
21,0.0009991206760820263,4.427667,4.103607,0.16203,0.8104,0.8239,0.5957,0.7233,0.9371,1.0
22,0.0009990257424427654,4.348695,4.040466,0.154115,0.804,0.8626,0.6891,0.6981,0.9371,1.0
23,0.0009989250626547118,4.462481,4.120147,0.171167,0.8427,1.0004,0.8102,0.6415,0.8931,1.0
24,0.0009988204997423494,4.424137,4.10073,0.161704,0.8099,0.806,0.6029,0.7233,0.9308,1.0
25,0.0009987112290573766,4.401114,4.096028,0.152543,0.788,0.7593,0.566,0.7547,0.9497,1.0
26,0.000998596691356627,4.352221,4.05779,0.147216,0.7763,0.7918,0.5413,0.7484,0.9308,1.0
27,0.0009984771348344212,4.363412,4.066385,0.148514,0.7757,0.7928,0.5762,0.7673,0.9182,1.0
28,0.0009983526992273651,4.357343,4.053263,0.15204,0.7966,0.7902,0.5809,0.7107,0.9434,1.0
29,0.0009982240363210783,4.398075,4.08446,0.156808,0.8086,0.7898,0.5893,0.7484,0.9371,1.0
30,0.0009980903762315863,4.338908,4.033855,0.152526,0.7854,0.8064,0.5821,0.7233,0.9182,1.0
31,0.000997951527633938,4.290135,3.994249,0.147943,0.7771,0.857,0.6699,0.6981,0.9182,1.0
32,0.0009978072751576064,4.362456,4.063167,0.149645,0.7813,0.8189,0.6335,0.7421,0.9182,1.0
33,0.000997658872784912,4.470767,4.168289,0.151239,0.785,0.7483,0.5726,0.7673,0.956,1.0
34,0.0009975052380187754,4.351073,4.064207,0.143433,0.7569,0.7772,0.559,0.7296,0.9497,1.0
35,0.000997347329716237,4.375676,4.067075,0.154301,0.7903,0.8328,0.6147,0.7296,0.9308,1.0
36,0.000997183975384437,4.385065,4.081653,0.151706,0.7965,0.7937,0.5569,0.7233,0.9182,1.0
37,0.0009970165972988676,4.374378,4.08393,0.145224,0.7719,0.7644,0.5503,0.7233,0.9245,1.0
38,0.0009968441857202675,4.267008,3.976622,0.145193,0.7764,0.843,0.6227,0.6855,0.9119,1.0
39,0.0009966671696093855,4.332342,4.052838,0.139752,0.7554,0.8054,0.5376,0.7233,0.9308,1.0
40,0.0009964855686011055,4.442533,4.149643,0.146445,0.7736,0.7695,0.5564,0.7358,0.9308,1.0
41,0.0009962982296148307,4.431743,4.125156,0.153293,0.7911,0.8206,0.6217,0.6918,0.9434,1.0
42,0.0009961053231668543,4.35646,4.065599,0.14543,0.7827,0.8253,0.6525,0.717,0.9497,1.0
43,0.0009959090162065883,4.307236,4.0294,0.138918,0.7538,0.8323,0.5865,0.717,0.9182,1.0
44,0.0009957058828783398,4.40101,4.112608,0.144201,0.7723,0.7621,0.5213,0.7421,0.9497,1.0
45,0.0009954994008873992,4.389891,4.102253,0.143819,0.7789,0.7733,0.549,0.7547,0.9119,1.0
46,0.0009952888863611884,4.322581,4.039475,0.141553,0.7498,0.7937,0.5873,0.7358,0.9497,1.0
47,0.0009950735836222217,4.388094,4.098057,0.145019,0.7612,0.8106,0.548,0.7107,0.9119,1.0
48,0.0009948523891960845,4.379974,4.097468,0.141253,0.7595,0.7991,0.534,0.7484,0.9308,1.0
49,0.000994626080737725,4.302508,4.026011,0.138249,0.7631,0.7675,0.5899,0.7358,0.956,1.0
50,0.0009943960842606389,4.299435,4.018785,0.140325,0.7551,0.819,0.6269,0.7358,0.9245,1.0
51,0.0009941610020445751,4.319819,4.02664,0.146589,0.7656,0.7671,0.4821,0.7296,0.9245,1.0
52,0.0009939214189750973,4.373646,4.088294,0.142676,0.756,0.794,0.5785,0.7421,0.9057,1.0
53,0.0009936764367133586,4.298659,4.020821,0.138919,0.7417,0.7571,0.5322,0.7484,0.9371,1.0
54,0.000993425085491118,4.311151,4.044779,0.133186,0.7403,0.7779,0.5395,0.7421,0.9497,1.0
55,0.0009931720498338114,4.365005,4.091182,0.136911,0.7521,0.7172,0.5098,0.7799,0.9497,1.0
56,0.0005,5.995047,5.554666,0.220191,0.9969,0.8556,0.637,0.7103,0.9159,1.0
57,0.001,5.697155,5.275963,0.210596,0.9656,0.829,0.6266,0.7196,0.9346,1.0
58,0.000999997522701653,5.646164,5.229933,0.208116,0.9605,0.8434,0.6623,0.6916,0.9252,1.0
59,0.0009999900908311602,5.666748,5.252957,0.206895,0.954,0.7879,0.6082,0.7243,0.9486,1.0
60,0.0009999777044621652,5.555345,5.152828,0.201258,0.9403,0.8076,0.6435,0.7243,0.9486,1.0
61,0.0009999603637174071,5.506051,5.108455,0.198798,0.9418,0.7899,0.5882,0.7523,0.9299,1.0
62,0.0009999380687687187,5.519717,5.130728,0.194494,0.9233,0.8153,0.6345,0.7056,0.9486,1.0
63,0.0009999108198370248,5.500618,5.106221,0.197199,0.927,0.772,0.6046,0.743,0.9393,1.0
64,0.0009998786171923407,5.476239,5.092619,0.19181,0.9197,0.8191,0.6378,0.7336,0.9299,1.0
65,0.000999841461153768,5.454549,5.074418,0.190066,0.9058,0.8194,0.6259,0.6916,0.9346,1.0
66,0.0009997993520894936,5.424615,5.041076,0.191769,0.915,0.7702,0.5991,0.7477,0.9439,1.0
67,0.0009997522904167844,5.41924,5.045917,0.186662,0.8991,0.7604,0.6167,0.757,0.9439,1.0
68,0.0009997002766019831,5.405973,5.032318,0.186827,0.8986,0.8105,0.6547,0.7523,0.9533,1.0
69,0.0009996433111605053,5.406011,5.032203,0.186904,0.8935,0.7969,0.64,0.7243,0.9533,1.0
70,0.000999581394656832,5.376832,5.016415,0.180208,0.8878,0.772,0.5775,0.7243,0.9486,1.0
71,0.0009995145277045061,5.40239,5.038374,0.182008,0.8907,0.7488,0.6039,0.7757,0.9533,1.0
72,0.0009994427109661253,5.3627,4.99904,0.18183,0.89,0.7678,0.6026,0.7383,0.9579,1.0
73,0.0009993659451533353,5.366277,5.010426,0.177925,0.8772,0.7397,0.5507,0.757,0.9533,1.0
74,0.0009992842310268233,5.33431,4.966067,0.184122,0.8929,0.7799,0.5874,0.743,0.9393,1.0
75,0.0009991975693963108,5.341509,4.979612,0.180948,0.8839,0.7458,0.5622,0.757,0.9533,1.0
76,0.000999105961120544,5.319093,4.956634,0.181229,0.8823,0.7622,0.5693,0.729,0.9579,1.0
77,0.0009990094071072877,5.321029,4.962888,0.179071,0.873,0.7632,0.5884,0.729,0.9579,1.0
78,0.000998907908313314,5.326662,4.958927,0.183868,0.8778,0.7537,0.5716,0.7897,0.9533,1.0
79,0.000998801465744394,5.299314,4.938149,0.180583,0.8757,0.7774,0.6287,0.7196,0.9533,1.0
80,0.0009986900804552878,5.301377,4.954309,0.173534,0.8622,0.7582,0.5764,0.715,0.9533,1.0
81,0.0009985737535497337,5.30947,4.949371,0.18005,0.8742,0.7207,0.5627,0.7757,0.9579,1.0
82,0.0009984524861804376,5.295451,4.933304,0.181073,0.8759,0.7627,0.5594,0.7523,0.9533,1.0
83,0.0009983262795490613,5.29141,4.940082,0.175664,0.866,0.7498,0.5921,0.7477,0.9533,1.0
84,0.0009981951349062107,5.30864,4.952393,0.178123,0.8709,0.732,0.5607,0.7523,0.9673,1.0
85,0.0009980590535514234,5.263457,4.910907,0.176275,0.8725,0.8036,0.6598,0.7103,0.9393,1.0
86,0.0009979180368331559,5.303609,4.951716,0.175947,0.8705,0.7957,0.6139,0.729,0.9439,1.0
87,0.00099777208614877,5.287528,4.939277,0.174125,0.8652,0.7299,0.5372,0.7804,0.9579,1.0
88,0.0009976212029445194,5.280642,4.939341,0.17065,0.8557,0.7719,0.5975,0.7383,0.9439,1.0
89,0.000997465388715535,5.258221,4.915535,0.171343,0.8588,0.7074,0.546,0.7664,0.9626,1.0
90,0.00099730464500581,5.294753,4.942901,0.175926,0.8698,0.7648,0.5809,0.7477,0.9533,1.0
91,0.0009971389734081848,5.284103,4.935763,0.17417,0.8562,0.7752,0.5932,0.743,0.9626,1.0
92,0.0009969683755643318,5.284151,4.934885,0.174633,0.8602,0.7661,0.6002,0.7336,0.9486,1.0
93,0.0009967928531647372,5.282955,4.929849,0.176553,0.8611,0.759,0.6086,0.7383,0.9486,1.0
94,0.0009966124079486872,5.234539,4.888691,0.172924,0.8603,0.7699,0.5798,0.7617,0.9486,1.0
95,0.000996427041704248,5.281932,4.92892,0.176506,0.8674,0.7508,0.5535,0.7477,0.9533,1.0
96,0.0009962367562682496,5.27011,4.913478,0.178316,0.867,0.7614,0.6143,0.7477,0.9486,1.0
97,0.000996041553526267,5.245434,4.893024,0.176205,0.8683,0.732,0.537,0.771,0.9533,1.0
98,0.0009958414354126022,5.194797,4.850432,0.172183,0.8573,0.7656,0.5614,0.7383,0.9533,1.0
99,0.000995636403910264,5.237561,4.893175,0.172193,0.8532,0.7464,0.6214,0.757,0.9439,1.0
100,0.0009954264610509496,5.266979,4.928275,0.169352,0.8533,0.7489,0.5535,0.7523,0.9439,1.0
101,0.0009952116089150232,5.236506,4.89652,0.169993,0.8496,0.7927,0.6601,0.7336,0.9486,1.0
102,0.000994991849631496,5.234317,4.897829,0.168244,0.8543,0.7548,0.5879,0.7336,0.9533,1.0
103,0.0009947671853780054,5.25037,4.901566,0.174402,0.8559,0.7571,0.5649,0.7383,0.9486,1.0
104,0.000994537618380793,5.258847,4.910611,0.174118,0.8685,0.7379,0.5938,0.7617,0.9626,1.0
105,0.0009943031509146824,5.200143,4.848227,0.175958,0.8692,0.7692,0.59,0.7336,0.9439,1.0
106,0.0009940637853030573,5.242307,4.891949,0.175179,0.8571,0.7554,0.6223,0.7617,0.9579,1.0
107,0.0009938195239178375,5.270089,4.924685,0.172702,0.8599,0.7366,0.6166,0.7477,0.9673,1.0
108,0.0009935703691794564,5.222478,4.876754,0.172862,0.857,0.7438,0.5801,0.7617,0.9439,1.0
109,0.0009933163235568369,5.253446,4.906966,0.17324,0.8549,0.8041,0.5901,0.7383,0.9393,1.0
110,0.0009930573895673657,5.209669,4.868862,0.170403,0.8522,0.7815,0.6147,0.7477,0.9533,1.0
111,0.0009927935697768698,5.204136,4.860047,0.172044,0.8542,0.7643,0.5732,0.7523,0.9533,1.0
112,0.0009925248667995907,5.207247,4.864165,0.171541,0.8467,0.7755,0.5898,0.7243,0.9533,1.0
113,0.0009922512832981584,5.199655,4.849532,0.175061,0.8577,0.7365,0.5779,0.757,0.9579,1.0
114,0.0009919728219835644,5.247993,4.901566,0.173213,0.8564,0.7575,0.6085,0.757,0.9626,1.0
115,0.0009916894856151356,5.187866,4.84438,0.171743,0.8561,0.7385,0.5515,0.7243,0.9626,1.0
116,0.0009914012770005072,5.18085,4.847342,0.166754,0.8449,0.7119,0.5369,0.7617,0.972,1.0
117,0.000991108198995594,5.200563,4.856225,0.172169,0.8518,0.7555,0.5855,0.729,0.9626,1.0
118,0.0009908102545045623,5.196093,4.845383,0.175355,0.867,0.7429,0.587,0.7617,0.9673,1.0
119,0.0009905074464798022,5.199991,4.860419,0.169786,0.853,0.734,0.5729,0.757,0.9486,1.0
120,0.0009901997779218968,5.170931,4.835596,0.167667,0.8416,0.7643,0.6094,0.7477,0.9533,1.0
121,0.0009898872518795932,5.217726,4.881114,0.168306,0.848,0.7355,0.5552,0.7523,0.9673,1.0
122,0.0009895698714497724,5.166964,4.825421,0.170772,0.849,0.7315,0.5542,0.7383,0.9813,1.0
123,0.0009892476397774185,5.214095,4.867308,0.173393,0.8486,0.7027,0.549,0.7664,0.9813,1.0
124,0.0005,4.986573,4.678359,0.154107,0.8052,0.7035,0.5211,0.7617,0.9579,1.0
125,0.001,5.060722,4.739975,0.160374,0.8294,0.7399,0.542,0.7196,0.9439,1.0
126,0.000999997522701653,5.180573,4.833279,0.173647,0.8585,0.7597,0.5639,0.7336,0.9439,1.0
127,0.0009999900908311602,5.155466,4.820696,0.167385,0.8503,0.7439,0.5849,0.771,0.9579,1.0
128,0.0009999777044621652,5.195591,4.858327,0.168632,0.8481,0.7085,0.5314,0.7757,0.9486,1.0
129,0.0009999603637174071,5.13972,4.804062,0.167829,0.8487,0.7484,0.5715,0.7757,0.9486,1.0
130,0.0009999380687687187,5.186711,4.85067,0.16802,0.8454,0.7388,0.5873,0.7617,0.9673,1.0
131,0.0009999108198370248,5.17792,4.84198,0.16797,0.8469,0.7689,0.5874,0.7336,0.9439,1.0
132,0.0009998786171923407,5.156744,4.825664,0.16554,0.8413,0.7357,0.5764,0.757,0.9439,1.0
133,0.000999841461153768,5.15028,4.814265,0.168007,0.843,0.7308,0.5418,0.7664,0.9439,1.0
134,0.0009997993520894936,5.173415,4.832179,0.170618,0.8481,0.7248,0.5587,0.771,0.9626,1.0
135,0.0009997522904167844,5.190616,4.860447,0.165084,0.8392,0.7498,0.5777,0.757,0.9393,1.0
136,0.0009997002766019831,5.183731,4.844296,0.169718,0.8486,0.7626,0.5787,0.743,0.9486,1.0
137,0.0009996433111605053,5.161852,4.822108,0.169872,0.8487,0.7519,0.5942,0.7617,0.9626,1.0
138,0.000999581394656832,5.16481,4.830148,0.167331,0.8398,0.7245,0.5387,0.7804,0.9486,1.0
139,0.0009995145277045061,5.127734,4.795322,0.166206,0.8414,0.7439,0.588,0.757,0.9533,1.0
140,0.0009994427109661253,5.143733,4.814094,0.16482,0.8334,0.7587,0.583,0.7664,0.9486,1.0
141,0.0009993659451533353,5.140654,4.81327,0.163692,0.8323,0.7364,0.5753,0.757,0.9626,1.0
142,0.0009992842310268233,5.171579,4.843056,0.164261,0.8435,0.7526,0.5859,0.743,0.9626,1.0
143,0.0009991975693963108,5.154717,4.813691,0.170513,0.8487,0.7187,0.5667,0.7664,0.9626,1.0
144,0.000999105961120544,5.135813,4.802362,0.166725,0.8481,0.7767,0.5708,0.7477,0.9486,1.0
145,0.0009990094071072877,5.147584,4.817246,0.165169,0.8373,0.7023,0.5687,0.7944,0.9673,1.0
146,0.000998907908313314,5.155182,4.820102,0.16754,0.8441,0.7357,0.5335,0.757,0.9579,1.0
147,0.000998801465744394,5.113824,4.790123,0.16185,0.8308,0.7556,0.5696,0.729,0.9579,1.0
148,0.0009986900804552878,5.161587,4.826351,0.167618,0.8403,0.7419,0.6198,0.771,0.972,1.0
149,0.0009985737535497337,5.134504,4.796602,0.168951,0.8436,0.7337,0.5934,0.7617,0.9533,1.0
150,0.0009984524861804376,5.173971,4.843084,0.165444,0.8389,0.7467,0.5418,0.743,0.9533,1.0
151,0.0009983262795490613,5.169654,4.828121,0.170767,0.8472,0.7335,0.569,0.7617,0.9673,1.0
152,0.0009981951349062107,5.143829,4.80378,0.170024,0.8506,0.8349,0.6911,0.7103,0.9439,1.0
153,0.0009980590535514234,5.10737,4.776736,0.165317,0.8358,0.7421,0.556,0.7523,0.9673,1.0
154,0.0009979180368331559,5.078683,4.744806,0.166939,0.8402,0.7276,0.5763,0.771,0.9579,1.0
155,0.00099777208614877,5.135638,4.80749,0.164074,0.8352,0.7496,0.6236,0.785,0.9673,1.0
156,0.0009976212029445194,5.098397,4.7669,0.165749,0.8462,0.7189,0.5853,0.7944,0.9626,1.0
157,0.000997465388715535,5.128324,4.794907,0.166708,0.8366,0.7983,0.5779,0.715,0.9439,1.0
158,0.00099730464500581,5.121296,4.796951,0.162173,0.8348,0.6924,0.5404,0.7804,0.9766,1.0
159,0.0009971389734081848,5.120694,4.783778,0.168458,0.8487,0.7248,0.5553,0.7664,0.9579,1.0
160,0.0009969683755643318,5.132812,4.791027,0.170893,0.851,0.7612,0.5625,0.7664,0.9393,1.0
161,0.0009967928531647372,5.10628,4.770684,0.167798,0.8498,0.7322,0.572,0.7617,0.9626,1.0
162,0.0009966124079486872,5.144573,4.809164,0.167704,0.8428,0.7121,0.5572,0.7617,0.9766,1.0
163,0.000996427041704248,5.130982,4.794655,0.168163,0.8448,0.7317,0.5979,0.7757,0.9673,1.0
164,0.0009962367562682496,5.125528,4.794004,0.165762,0.8406,0.7789,0.6471,0.7383,0.9579,1.0
165,0.000996041553526267,5.132747,4.794516,0.169115,0.841,0.7983,0.6162,0.7009,0.9486,1.0
166,0.0009958414354126022,5.117144,4.777537,0.169803,0.8527,0.7694,0.6045,0.7383,0.9626,1.0
167,0.000995636403910264,5.131695,4.795332,0.168181,0.8468,0.7479,0.5753,0.7243,0.972,1.0
168,0.0009954264610509496,5.085135,4.758868,0.163134,0.829,0.7285,0.5773,0.771,0.972,1.0
169,0.0009952116089150232,5.115593,4.79067,0.162461,0.8337,0.7835,0.5871,0.7336,0.9673,1.0
170,0.000994991849631496,5.126197,4.797684,0.164257,0.8374,0.78,0.6213,0.7056,0.9439,1.0
171,0.0009947671853780054,5.111394,4.774368,0.168513,0.8456,0.7569,0.5781,0.729,0.9579,1.0
172,0.000994537618380793,5.134725,4.800288,0.167218,0.8404,0.7819,0.6453,0.729,0.9673,1.0
173,0.0009943031509146824,5.15197,4.817873,0.167048,0.8457,0.6866,0.5465,0.7757,0.9766,1.0
174,0.0009940637853030573,5.113496,4.785967,0.163764,0.836,0.761,0.5469,0.7336,0.9579,1.0
175,0.0009938195239178375,5.082515,4.748962,0.166776,0.8411,0.7706,0.5848,0.7477,0.9533,1.0
176,0.0009935703691794564,5.091553,4.75639,0.167581,0.8459,0.7759,0.6128,0.7617,0.972,1.0
177,0.0009933163235568369,5.08997,4.756372,0.166799,0.8366,0.7633,0.5888,0.743,0.9486,1.0
178,0.0009930573895673657,5.114007,4.777932,0.168037,0.8339,0.7293,0.5447,0.7617,0.9673,1.0
179,0.0009927935697768698,5.060245,4.734766,0.162739,0.8388,0.7534,0.6081,0.7383,0.9579,1.0
180,0.0009925248667995907,5.127881,4.786109,0.170886,0.8574,0.737,0.5983,0.7804,0.9579,1.0
181,0.0009922512832981584,5.058506,4.723759,0.167374,0.8374,0.7507,0.5785,0.757,0.972,1.0
182,0.0009919728219835644,5.035342,4.713935,0.160703,0.8293,0.729,0.5609,0.7617,0.9486,1.0
183,0.0009916894856151356,5.07941,4.748971,0.165219,0.8389,0.6839,0.5476,0.7991,0.9766,1.0
184,0.0009914012770005072,5.086857,4.751167,0.167845,0.8394,0.7685,0.5934,0.7243,0.9393,1.0
185,0.000991108198995594,5.067906,4.736521,0.165692,0.8391,0.8239,0.6326,0.7336,0.9393,1.0
186,0.0009908102545045623,5.159768,4.821019,0.169375,0.8449,0.7695,0.6156,0.7243,0.9439,1.0
187,0.0009905074464798022,5.112081,4.783173,0.164454,0.8369,0.7263,0.5384,0.7617,0.9626,1.0
188,0.0009901997779218968,5.124907,4.782155,0.171376,0.8496,0.739,0.5919,0.7523,0.9579,1.0
189,0.0009898872518795932,5.102077,4.757451,0.172313,0.8499,0.7916,0.6413,0.715,0.9393,1.0
190,0.0009895698714497724,5.043002,4.717824,0.162589,0.8319,0.7586,0.5861,0.7477,0.9439,1.0
191,0.0009892476397774185,5.033819,4.704006,0.164907,0.8304,0.753,0.5901,0.7336,0.9626,1.0
192,0.0009889205600555875,4.991957,4.671291,0.160333,0.8279,0.7301,0.5599,0.7757,0.9533,1.0
193,0.0009885886355253757,5.027688,4.699183,0.164253,0.8338,0.7352,0.5589,0.7664,0.9626,1.0
194,0.0009882518694758874,5.058479,4.730484,0.163997,0.8303,0.716,0.574,0.7897,0.9766,1.0
195,0.0009879102652442023,5.066019,4.732285,0.166867,0.8366,0.7287,0.5623,0.7664,0.9626,1.0
196,0.0009875638262153432,5.059073,4.727641,0.165716,0.8347,0.7635,0.5671,0.7477,0.9579,0.9953
197,0.000987212555822241,5.025862,4.706129,0.159867,0.825,0.7571,0.5643,0.757,0.9439,1.0
198,0.0009868564575457022,4.989816,4.668155,0.16083,0.8307,0.7979,0.5973,0.7477,0.9486,1.0
199,0.0009864955349143734,5.068516,4.737867,0.165325,0.8335,0.7602,0.6096,0.743,0.9673,1.0
200,0.000986129791504707,5.028296,4.706477,0.16091,0.8282,0.7534,0.6026,0.7617,0.9626,1.0
201,0.0009857592309409247,5.031582,4.705242,0.16317,0.8313,0.7078,0.5316,0.7664,0.972,1.0
202,0.0009853838568949832,5.030239,4.698606,0.165817,0.8413,0.7664,0.566,0.7383,0.9486,1.0
203,0.0009850036730865363,5.029333,4.702992,0.163171,0.829,0.7505,0.5933,0.757,0.9533,1.0
204,0.000984618683282899,4.992804,4.673056,0.159874,0.824,0.7276,0.5708,0.7617,0.9673,1.0
205,0.0009842288912990096,5.042632,4.722094,0.160269,0.8196,0.762,0.5608,0.757,0.9533,1.0
206,0.0009838343009973924,4.97261,4.654704,0.158953,0.8189,0.7642,0.611,0.757,0.9626,1.0
207,0.0009834349162881188,4.983547,4.665341,0.159103,0.8228,0.7336,0.5528,0.771,0.9579,1.0
208,0.0009830307411287697,5.022336,4.699669,0.161333,0.8262,0.7652,0.6033,0.7757,0.9533,1.0
209,0.000982621779524394,5.013548,4.691845,0.160851,0.8272,0.8083,0.6179,0.7196,0.9533,1.0
210,0.0009822080355274718,4.99635,4.677384,0.159483,0.8213,0.7565,0.5942,0.7617,0.9579,1.0
211,0.0009817895132378724,5.012608,4.68606,0.163274,0.8366,0.7021,0.5657,0.771,0.9673,1.0
212,0.0009813662168028144,5.014417,4.689478,0.16247,0.8332,0.7681,0.5745,0.7523,0.9626,1.0
213,0.0009809381504168233,5.057575,4.730201,0.163687,0.8326,0.7783,0.616,0.7383,0.9579,1.0
214,0.0009805053183216924,4.991481,4.666649,0.162416,0.8341,0.7075,0.5986,0.771,0.9766,1.0
215,0.0009800677248064382,5.009764,4.679805,0.164979,0.8349,0.7711,0.6399,0.7383,0.9579,1.0
216,0.0009796253742072596,5.017869,4.686978,0.165445,0.8383,0.7479,0.5894,0.7523,0.9673,1.0
217,0.0009791782709074944,4.975041,4.656188,0.159427,0.8217,0.7659,0.5805,0.7336,0.9486,1.0
218,0.0009787264193375754,4.998912,4.676422,0.161245,0.8275,0.7671,0.5961,0.743,0.9533,1.0
219,0.0009782698239749871,4.991735,4.665078,0.163328,0.8353,0.73,0.5919,0.7664,0.9673,1.0
220,0.0009778084893442218,5.000925,4.674341,0.163292,0.829,0.7494,0.56,0.7383,0.9766,1.0
221,0.000977342420016733,4.97682,4.656204,0.160308,0.8227,0.7308,0.5623,0.7757,0.9486,1.0
222,0.0009768716206108921,4.983746,4.661807,0.16097,0.8285,0.7299,0.5652,0.743,0.972,1.0
223,0.0009763960957919414,5.03993,4.715488,0.162221,0.8226,0.6929,0.5217,0.7804,0.9766,1.0
224,0.0009759158502719481,4.964716,4.641133,0.161792,0.8305,0.7481,0.6049,0.7523,0.9579,1.0
225,0.0009754308888097583,4.99627,4.679453,0.158409,0.8147,0.7282,0.576,0.7757,0.9673,1.0
226,0.0009749412162109486,4.994474,4.671302,0.161586,0.8302,0.7374,0.5592,0.7383,0.9533,1.0
227,0.0009744468373277796,5.01998,4.692934,0.163523,0.8265,0.7245,0.5829,0.7757,0.9579,1.0
228,0.0009739477570591473,4.987817,4.666063,0.160877,0.8245,0.7101,0.5955,0.7804,0.972,1.0
229,0.0009734439803505345,4.980641,4.657665,0.161488,0.8251,0.7626,0.5879,0.7523,0.9533,1.0
230,0.000972935512193962,4.997253,4.674587,0.161333,0.8263,0.7465,0.5802,0.7664,0.9486,1.0
231,0.0009724223576279394,4.9781,4.657744,0.160178,0.8173,0.7706,0.5845,0.7523,0.9533,1.0
232,0.0009719045217374141,4.91884,4.595544,0.161648,0.8264,0.7248,0.5731,0.7523,0.9673,1.0
233,0.0009713820096537225,4.981103,4.651602,0.164751,0.836,0.7209,0.5587,0.7617,0.9626,1.0
234,0.0009708548265545375,4.977367,4.66051,0.158428,0.8154,0.7214,0.5677,0.7477,0.9533,1.0
235,0.0009703229776638185,4.907015,4.591706,0.157655,0.8085,0.7575,0.5901,0.743,0.9626,1.0
236,0.0009697864682517592,4.973428,4.65739,0.158019,0.8146,0.6954,0.544,0.7897,0.9579,1.0
237,0.0009692453036347351,4.979301,4.653554,0.162873,0.8265,0.7246,0.5982,0.7804,0.9486,1.0
238,0.0009686994891752507,4.935031,4.614524,0.160253,0.8232,0.7192,0.5703,0.785,0.9673,1.0
239,0.0009681490302818874,4.907203,4.593523,0.15684,0.8202,0.7661,0.6143,0.7243,0.972,1.0
240,0.0009675939324092487,4.933398,4.610904,0.161247,0.83,0.7452,0.5838,0.757,0.9533,1.0
241,0.0009670342010579065,4.953615,4.634594,0.159511,0.8203,0.732,0.5575,0.771,0.9579,1.0
242,0.0009664698417743475,4.910214,4.592733,0.15874,0.8217,0.8077,0.6109,0.6916,0.9299,1.0
243,0.0009659008601509168,4.956998,4.634268,0.161365,0.8312,0.7005,0.5407,0.7897,0.9766,1.0
244,0.0009653272618257631,4.939916,4.620754,0.159581,0.827,0.7949,0.6327,0.729,0.9533,1.0
245,0.0009647490524827833,4.939323,4.612441,0.163441,0.8314,0.7397,0.5594,0.7336,0.9673,1.0
246,0.0009641662378515658,4.974412,4.647477,0.163468,0.8169,0.7543,0.6182,0.7523,0.9766,1.0
247,0.0009635788237073333,4.926274,4.610392,0.157941,0.8178,0.7403,0.5651,0.7383,0.9673,1.0
248,0.0009629868158708861,4.907296,4.590669,0.158314,0.8225,0.7211,0.5669,0.7477,0.9626,1.0
249,0.0009623902202085444,4.961173,4.646788,0.157193,0.8143,0.7289,0.5481,0.7617,0.9579,1.0
250,0.0009617890426320899,4.938395,4.624018,0.157189,0.8161,0.7876,0.6359,0.7056,0.9486,1.0
251,0.0009611832890987075,4.958951,4.639094,0.159928,0.8166,0.7468,0.6021,0.7523,0.9533,1.0
252,0.0009605729656109264,4.934216,4.617459,0.158378,0.8184,0.7586,0.6172,0.7617,0.9673,1.0
253,0.0009599580782165598,4.892687,4.579349,0.156669,0.8189,0.7689,0.6203,0.7383,0.9673,1.0
254,0.0009593386330086457,4.93276,4.61241,0.160175,0.8215,0.7424,0.5485,0.743,0.9673,1.0
255,0.0009587146361253867,4.898526,4.590563,0.153982,0.8138,0.7736,0.5836,0.729,0.9626,1.0
256,0.0009580860937500883,4.921373,4.614676,0.153348,0.8091,0.7688,0.6102,0.7757,0.9813,1.0
257,0.0009574530121110989,4.905499,4.592689,0.156405,0.8144,0.8036,0.5995,0.7243,0.9393,1.0
258,0.0009568153974817464,4.916539,4.602286,0.157126,0.8176,0.795,0.5764,0.7196,0.9533,1.0
259,0.0009561732561802779,4.908362,4.594254,0.157054,0.8144,0.7313,0.54,0.7523,0.9673,1.0
260,0.0009555265945697953,4.884878,4.57751,0.153684,0.8064,0.7262,0.5476,0.757,0.9626,1.0
261,0.0009548754190581938,4.892568,4.583645,0.154462,0.8084,0.7662,0.5855,0.743,0.9393,1.0
262,0.0009542197360980978,4.914535,4.59967,0.157432,0.817,0.7679,0.5828,0.7617,0.9579,1.0
263,0.0009535595521867959,4.892615,4.580809,0.155903,0.8144,0.7155,0.5659,0.7757,0.9579,1.0
264,0.0009528948738661784,4.905897,4.595992,0.154953,0.8127,0.7482,0.5516,0.7523,0.9486,1.0
265,0.0009522257077226717,4.879547,4.564426,0.15756,0.8144,0.7559,0.5583,0.7243,0.9626,1.0
266,0.0009515520603871719,4.920456,4.607723,0.156366,0.8166,0.7767,0.5999,0.7383,0.9579,1.0
267,0.0009508739385349812,4.866059,4.559891,0.153084,0.811,0.7433,0.5878,0.7617,0.9673,1.0
268,0.0009501913488857399,4.906642,4.592951,0.156846,0.8197,0.7836,0.6508,0.757,0.9673,1.0
269,0.0009495042982033611,4.904026,4.58909,0.157468,0.8156,0.7678,0.5573,0.7336,0.9486,1.0
270,0.0009488127932959625,4.87534,4.558399,0.158471,0.8166,0.7676,0.5918,0.7477,0.9486,1.0
271,0.0009481168410158003,4.903059,4.579916,0.161571,0.8227,0.7733,0.5659,0.7196,0.9673,1.0
272,0.0009474164482592001,4.899352,4.585454,0.156949,0.8128,0.8411,0.6603,0.7103,0.9299,1.0
273,0.0009467116219664893,4.895254,4.577359,0.158947,0.8179,0.7791,0.6152,0.743,0.9346,1.0
274,0.0009460023691219276,4.877626,4.573001,0.152313,0.808,0.7403,0.5825,0.771,0.9626,1.0
275,0.0009452886967536389,4.916632,4.594143,0.161244,0.8207,0.7572,0.6303,0.7477,0.9626,1.0
276,0.0009445706119335407,4.900203,4.57891,0.160646,0.826,0.7756,0.6004,0.7477,0.9393,1.0
277,0.0009438481217772743,4.882939,4.56809,0.157424,0.8197,0.7738,0.6128,0.7477,0.9533,1.0
278,0.0009431212334441342,4.857719,4.54215,0.157784,0.8263,0.7057,0.5536,0.7664,0.9673,1.0
279,0.0009423899541369978,4.878143,4.563689,0.157227,0.8203,0.7692,0.6287,0.7477,0.9626,1.0
280,0.000941654291102253,4.895608,4.580461,0.157573,0.8139,0.743,0.6086,0.7757,0.9626,1.0
281,0.0009409142516297269,4.858475,4.556713,0.150881,0.8031,0.7848,0.6203,0.7336,0.9486,1.0
282,0.0009401698430526141,4.863873,4.550238,0.156817,0.8185,0.7709,0.5894,0.7196,0.9579,1.0
283,0.0009394210727474029,4.896665,4.596601,0.150032,0.7999,0.732,0.5444,0.7617,0.9579,1.0
284,0.0009386679481338031,4.875901,4.56472,0.15559,0.8136,0.6984,0.5515,0.785,0.9579,1.0
285,0.0009379104766746722,4.915796,4.595487,0.160155,0.8175,0.7448,0.5783,0.7617,0.9533,1.0
286,0.0009371486658759415,4.859092,4.547161,0.155965,0.8141,0.7121,0.5485,0.785,0.9673,1.0
287,0.0009363825232865413,4.847008,4.534172,0.156418,0.8139,0.7126,0.5491,0.7757,0.9626,1.0
288,0.0009356120564983266,4.860301,4.55229,0.154006,0.8074,0.7294,0.5501,0.757,0.9533,1.0
289,0.0009348372731460022,4.893392,4.57939,0.157001,0.8148,0.7664,0.6255,0.7243,0.9486,1.0
290,0.0009340581809070458,4.88475,4.573006,0.155872,0.8117,0.8151,0.6558,0.715,0.9252,1.0
291,0.0009332747875016332,4.836385,4.526821,0.154782,0.8131,0.7278,0.5662,0.7617,0.9533,1.0
292,0.0009324871006925612,4.835011,4.52656,0.154226,0.8079,0.8054,0.6198,0.7009,0.9439,1.0
293,0.0009316951282851706,4.837385,4.527057,0.155164,0.811,0.7964,0.5514,0.7336,0.9346,1.0
294,0.0009308988781272693,4.86711,4.554186,0.156462,0.8149,0.7339,0.5872,0.771,0.9813,1.0
295,0.0009300983581090541,4.810766,4.503601,0.153583,0.8125,0.7633,0.5788,0.729,0.9486,1.0
296,0.0009292935761630325,4.813086,4.499434,0.156826,0.8188,0.7697,0.5687,0.7383,0.9626,1.0
297,0.0009284845402639446,4.825157,4.5122,0.156479,0.8148,0.7759,0.5937,0.7477,0.9393,1.0
298,0.0009276712584286833,4.815204,4.505992,0.154606,0.8103,0.7849,0.5802,0.7383,0.9439,1.0
299,0.000926853738716216,4.892314,4.568583,0.161865,0.821,0.756,0.6347,0.7243,0.9673,1.0
300,0.0009260319892275033,4.810816,4.495339,0.157739,0.8173,0.7479,0.615,0.7523,0.9626,1.0
301,0.00092520601810542,4.7927,4.486437,0.153131,0.8103,0.7626,0.6554,0.7383,0.972,1.0
302,0.0009243758335346734,4.803665,4.498825,0.15242,0.8072,0.7856,0.6306,0.715,0.9673,1.0
303,0.0009235414437417234,4.826008,4.512535,0.156737,0.8175,0.8051,0.6409,0.715,0.9439,1.0
304,0.0009227028569946996,4.849034,4.540892,0.154071,0.8168,0.7274,0.5419,0.7757,0.9533,1.0
305,0.0009218600816033201,4.833476,4.526238,0.153619,0.8109,0.7228,0.6,0.785,0.9346,1.0
306,0.0009210131259188095,4.792933,4.487965,0.152484,0.8063,0.7443,0.5702,0.7804,0.9579,1.0
307,0.0009201619983338152,4.805312,4.501604,0.151854,0.8048,0.7613,0.5702,0.757,0.9486,1.0
308,0.0009193067072823251,4.81637,4.514102,0.151134,0.8028,0.7579,0.5605,0.7383,0.9626,1.0
309,0.000918447261239584,4.791183,4.483057,0.154063,0.8143,0.8138,0.6618,0.7383,0.9299,1.0
310,0.0009175836687220084,4.826311,4.517048,0.154632,0.818,0.7871,0.561,0.7383,0.9299,1.0
311,0.0009167159382871039,4.817165,4.507507,0.154829,0.8033,0.7343,0.5675,0.757,0.9486,1.0
312,0.000915844078533379,4.793552,4.487232,0.15316,0.8099,0.8072,0.6204,0.6963,0.9299,1.0
313,0.0009149680981002608,4.786029,4.481365,0.152332,0.803,0.7201,0.5567,0.7757,0.972,1.0
314,0.0009140880056680088,4.759434,4.454177,0.152629,0.8076,0.8005,0.6447,0.7243,0.9346,1.0
315,0.000913203809957629,4.830227,4.519998,0.155115,0.8044,0.7325,0.5664,0.7804,0.9533,1.0
316,0.0009123155197307875,4.754744,4.452357,0.151193,0.8003,0.7506,0.6121,0.7477,0.9579,1.0
317,0.0009114231437897244,4.796828,4.49349,0.151669,0.8032,0.7548,0.5744,0.7477,0.9626,1.0
318,0.0009105266909771652,4.824172,4.517405,0.153383,0.8083,0.7333,0.5571,0.7664,0.9533,1.0
319,0.0009096261701762343,4.770299,4.471513,0.149393,0.7909,0.7674,0.5762,0.7336,0.9579,1.0
320,0.0009087215903103663,4.791516,4.481683,0.154916,0.8068,0.7429,0.5957,0.7664,0.9626,1.0
321,0.0009078129603432181,4.741041,4.433263,0.153889,0.815,0.7374,0.5737,0.785,0.9533,1.0
322,0.0009069002892785796,4.77337,4.471499,0.150935,0.8066,0.7734,0.5982,0.7477,0.9626,1.0
323,0.0009059835861602853,4.809204,4.507731,0.150737,0.8064,0.7655,0.6049,0.7243,0.9486,1.0
324,0.0009050628600721233,4.81172,4.504347,0.153686,0.8073,0.8336,0.6415,0.715,0.9299,1.0
325,0.0009041381201377467,4.775195,4.471011,0.152092,0.8019,0.785,0.5991,0.7336,0.9626,1.0
326,0.0009032093755205823,4.807503,4.50001,0.153746,0.8069,0.6993,0.5757,0.7664,0.9766,1.0
327,0.0009022766354237399,4.706935,4.411015,0.14796,0.7933,0.7545,0.5873,0.7523,0.9439,1.0
328,0.0009013399090899217,4.786703,4.479875,0.153414,0.8025,0.7283,0.583,0.7477,0.9626,1.0
329,0.0009003992058013302,4.76836,4.460305,0.154027,0.8009,0.7409,0.5562,0.771,0.9673,1.0
330,0.0008994545348795758,4.81264,4.508904,0.151868,0.8062,0.8185,0.6717,0.7056,0.9299,1.0
331,0.0008985059056855857,4.780879,4.486176,0.147351,0.7945,0.7536,0.5958,0.7664,0.9579,1.0
332,0.0008975533276195101,4.722191,4.427394,0.147399,0.7932,0.76,0.5854,0.7523,0.9533,1.0
333,0.0008965968101206292,4.781884,4.482133,0.149876,0.7982,0.7189,0.5689,0.7991,0.9626,1.0
334,0.0008956363626672594,4.766354,4.465035,0.15066,0.7989,0.8001,0.5832,0.7336,0.9299,1.0
335,0.0008946719947766611,4.762646,4.455972,0.153337,0.8061,0.724,0.5623,0.7804,0.9626,1.0
336,0.0008937037160049415,4.770254,4.46372,0.153267,0.8039,0.7082,0.5738,0.8084,0.9579,1.0
337,0.0008927315359469625,4.767521,4.465654,0.150934,0.8016,0.7372,0.554,0.7664,0.9673,1.0
338,0.0008917554642362443,4.785453,4.486808,0.149323,0.7934,0.7448,0.5692,0.7196,0.9626,1.0
339,0.0008907755105448703,4.77768,4.475068,0.151306,0.806,0.7522,0.5705,0.7523,0.9533,1.0
340,0.000889791684583391,4.77711,4.472302,0.152404,0.7991,0.7358,0.5732,0.771,0.9626,1.0
341,0.0008888039961007281,4.761108,4.464704,0.148202,0.7963,0.7265,0.5548,0.7617,0.9626,1.0
342,0.000887812454884078,4.792384,4.490526,0.150929,0.794,0.7443,0.5821,0.7617,0.9533,1.0
343,0.0008868170707588142,4.742115,4.435032,0.153541,0.8039,0.7356,0.5779,0.7617,0.9626,1.0
344,0.0008858178535883905,4.736072,4.440651,0.14771,0.7922,0.7296,0.5767,0.7804,0.9626,1.0
345,0.000884814813274243,4.754784,4.456282,0.149251,0.7961,0.731,0.5511,0.7944,0.9486,1.0
346,0.0008838079597556925,4.791555,4.492129,0.149713,0.797,0.7477,0.5846,0.7523,0.9439,1.0
347,0.0008827973030098447,4.798084,4.497807,0.150139,0.797,0.8055,0.6233,0.715,0.9439,1.0
348,0.0008817828530514931,4.779268,4.481284,0.148992,0.7989,0.728,0.5482,0.757,0.9626,1.0
349,0.0008807646199330186,4.728487,4.432681,0.147903,0.7933,0.7862,0.6331,0.7617,0.9439,1.0
350,0.0008797426137442896,4.739517,4.44016,0.149679,0.7954,0.7374,0.5798,0.7617,0.9626,1.0
351,0.0008787168446125638,4.771838,4.475474,0.148182,0.7914,0.8395,0.6608,0.6963,0.9439,1.0
352,0.0008776873227023851,4.71911,4.417648,0.150731,0.7985,0.8209,0.6094,0.7336,0.9299,1.0
353,0.0008766540582154859,4.728031,4.429625,0.149203,0.7898,0.7944,0.6643,0.7336,0.9579,1.0
354,0.0008756170613906833,4.696331,4.40276,0.146786,0.7874,0.7574,0.5987,0.7477,0.9533,1.0
355,0.0008745763425037796,4.702133,4.399813,0.15116,0.7998,0.7675,0.6424,0.729,0.9673,1.0
356,0.0008735319118674597,4.692058,4.391472,0.150293,0.7969,0.7575,0.6029,0.757,0.9533,1.0
357,0.0008724837798311882,4.689217,4.38712,0.151049,0.8034,0.7148,0.5705,0.7804,0.9673,1.0
358,0.0008714319567811089,4.692893,4.39789,0.147501,0.791,0.7467,0.5867,0.771,0.9626,1.0
359,0.0008703764531399392,4.704984,4.406403,0.14929,0.7921,0.7188,0.5419,0.771,0.9766,1.0
360,0.000869317279366869,4.689046,4.388706,0.15017,0.7949,0.812,0.6552,0.743,0.9299,1.0
361,0.0008682544459574561,4.680219,4.38343,0.148394,0.7954,0.7977,0.6449,0.7243,0.9439,1.0
362,0.0008671879634435224,4.671456,4.377551,0.146953,0.7883,0.7648,0.5863,0.7103,0.972,1.0
363,0.0008661178423930491,4.684871,4.38687,0.149,0.7945,0.7769,0.5818,0.7383,0.9533,1.0
364,0.0008650440934100728,4.650604,4.359836,0.145384,0.7877,0.8163,0.6718,0.6869,0.9579,1.0
365,0.0008639667271345798,4.664694,4.368067,0.148314,0.7967,0.7226,0.5851,0.771,0.9673,1.0
366,0.0008628857542424009,4.679433,4.378351,0.150541,0.7925,0.7851,0.6446,0.6916,0.9579,1.0
367,0.0008618011854451056,4.672053,4.371665,0.150194,0.7905,0.7611,0.6003,0.7477,0.9486,1.0
368,0.0008607130314898956,4.666106,4.369757,0.148174,0.7923,0.7934,0.6617,0.771,0.9579,1.0
369,0.000859621303159499,4.66099,4.367209,0.14689,0.7925,0.8127,0.5831,0.7196,0.9346,1.0
370,0.0008585260112720631,4.687548,4.396957,0.145296,0.7867,0.7716,0.5685,0.729,0.9439,1.0
371,0.0008574271666810469,4.65292,4.363709,0.144605,0.7855,0.7841,0.5941,0.729,0.9579,1.0
372,0.0008563247802751139,4.690355,4.394661,0.147847,0.7886,0.789,0.6514,0.7103,0.9579,1.0
373,0.0008552188629780245,4.65114,4.364603,0.143269,0.7809,0.7658,0.5981,0.7243,0.972,1.0
374,0.0008541094257485265,4.684364,4.386647,0.148858,0.7949,0.7316,0.5468,0.7523,0.9533,1.0
375,0.0008529964795802485,4.63387,4.343608,0.145131,0.787,0.7966,0.5941,0.7196,0.9393,1.0
376,0.0008518800355015891,4.646991,4.358716,0.144137,0.7834,0.7522,0.5727,0.7383,0.9533,1.0
377,0.0008507601045756085,4.643944,4.350412,0.146766,0.7871,0.7275,0.5537,0.7523,0.9533,1.0
378,0.0008496366978999189,4.626206,4.327827,0.14919,0.7965,0.8015,0.6256,0.757,0.9486,1.0
379,0.0008485098266065744,4.568763,4.278151,0.145306,0.7868,0.7575,0.582,0.7243,0.9579,1.0
380,0.0008473795018619604,4.594604,4.309359,0.142623,0.7813,0.7744,0.5607,0.7336,0.9579,1.0
381,0.0008462457348666835,4.640868,4.345148,0.14786,0.7949,0.7711,0.5867,0.7383,0.9533,1.0
382,0.0008451085368554601,4.641273,4.344329,0.148472,0.7894,0.793,0.6137,0.7103,0.9486,1.0
383,0.0008439679190970051,4.605609,4.312665,0.146472,0.7883,0.7606,0.6259,0.7757,0.9486,1.0
